秋,80941101,I4000001,100001,,,,,80,9411,国際学研究科,国際学専攻（博士前期課程）,,指導教員名０１,研究テーマ０１,Ⅳ期一般,Ⅳ期,奨学金なし,Ⅳ期一般選抜,,テスト０１　ヨンキ,てすと０１　四期,TEST01 YONKI,,,,男,20000101,国名０１,母語０１,在留資格０１,abc.def@hoge.com.01,100-0001,東京都なにがし１－２－３　テスト荘０１,0312340001,09055550001,,,,01250F,北海道,おといねっぷ０１,普通科,,高校課程,201809,日本語学校名０１,201808,,,,,,,,,,,,,,,,,,,,,,,,,,,,,,,,,,,,,,,,,,,,710106110001,720106110001,日本語能力試験（JLPT）=N1;実用日本語検定（J.TEST）=1234;日本留学試験（EJU）=1234;日本の大学の卒業者=1,,,,,,,,,,,,,,,,,,,JEP-TEST-01,2018年 5月28日（月）,
秋,81941202,I4000002,100002,,,,,81,9412,国際学研究科,国際協力専攻（修士課程）,,指導教員名０２,研究テーマ０２,Ⅳ期一般（学而事人奨学生）,Ⅳ期,学而事人奨学生,Ⅳ期一般選抜（学而事人奨学生）,,テスト０２　ヨンキ,てすと０２　四期,TEST02 YONKI,,,,男,20000102,国名０２,母語０２,在留資格０２,abc.def@hoge.com.02,100-0002,東京都なにがし１－２－３　テスト荘０２,0312340002,09055550002,,,,01250F,北海道,おといねっぷ０２,普通科,,高校課程,201809,日本語学校名０２,201808,,,,,,,,,,,,,,,,,,,,,,,,,,,,,,,,,,,,,,,,,,,,710106110002,720106110002,日本語能力試験（JLPT）=N1;実用日本語検定（J.TEST）=1234;日本留学試験（EJU）=1234;日本の大学の卒業者=1,,,,,,,,,,,,,,,,,,,JEP-TEST-02,2018年 5月28日（月）,
秋,82941303,I4000003,100003,,,,,82,9413,経営学研究科,経営学専攻（修士課程）,,指導教員名０３,研究テーマ０３,Ⅳ期一般（私費留学生奨学生）,Ⅳ期,私費留学生奨学生,Ⅳ期一般選抜（私費留学生奨学生）,,テスト０３　ヨンキ,てすと０３　四期,TEST03 YONKI,,,,男,20000103,国名０３,母語０３,在留資格０３,abc.def@hoge.com.03,100-0003,東京都なにがし１－２－３　テスト荘０３,0312340003,09055550003,,,,01250F,北海道,おといねっぷ０３,普通科,,高校課程,201809,日本語学校名０３,201808,,,,,,,,,,,,,,,,,,,,,,,,,,,,,,,,,,,,,,,,,,,,710106110003,720106110003,日本語能力試験（JLPT）=N1;実用日本語検定（J.TEST）=1234;日本留学試験（EJU）=1234;日本の大学の卒業者=1,,,,,,,,,,,,,,,,,,,JEP-TEST-03,2018年 5月28日（月）,
秋,83942104,I4000004,100004,,,,,83,9421,言語教育研究科,日本語教育専攻（修士課程）,,指導教員名０４,研究テーマ０４,Ⅳ期社会人,Ⅳ期,奨学金なし,Ⅳ期社会人選抜,,テスト０４　ヨンキ,てすと０４　四期,TEST04 YONKI,,,,男,20000104,国名０４,母語０４,在留資格０４,abc.def@hoge.com.04,100-0004,東京都なにがし１－２－３　テスト荘０４,0312340004,09055550004,,,,01250F,北海道,おといねっぷ０４,普通科,,高校課程,201809,日本語学校名０４,201808,,,,,,,,,,,,,,,,,,,,,,,,,,,,,,,,,,,,,,,,,,,,710106110004,720106110004,日本語能力試験（JLPT）=N1;実用日本語検定（J.TEST）=1234;日本留学試験（EJU）=1234;日本の大学の卒業者=1,,,,,,,,,,,,,,,,,,,JEP-TEST-04,2018年 5月28日（月）,
秋,84942205,I4000005,100005,,,,,84,9422,言語教育研究科,英語教育専攻（修士課程）,,指導教員名０５,研究テーマ０５,Ⅳ期社会人（学而事人奨学生）,Ⅳ期,学而事人奨学生,Ⅳ期社会人選抜（学而事人奨学生）,,テスト０５　ヨンキ,てすと０５　四期,TEST05 YONKI,,,,男,20000105,国名０５,母語０５,在留資格０５,abc.def@hoge.com.05,100-0005,東京都なにがし１－２－３　テスト荘０５,0312340005,09055550005,,,,01250F,北海道,おといねっぷ０５,普通科,,高校課程,201809,日本語学校名０５,201808,,,,,,,,,,,,,,,,,,,,,,,,,,,,,,,,,,,,,,,,,,,,710106110005,720106110005,日本語能力試験（JLPT）=N1;実用日本語検定（J.TEST）=1234;日本留学試験（EJU）=1234;日本の大学の卒業者=1,,,,,,,,,,,,,,,,,,,JEP-TEST-05,2018年 5月28日（月）,
秋,85942306,I4000006,100006,,,,,85,9423,心理学研究科,臨床心理学専攻（修士課程）,,指導教員名０６,研究テーマ０６,Ⅳ期社会人（私費留学生奨学生）,Ⅳ期,私費留学生奨学生,Ⅳ期社会人選抜（私費留学生奨学生）,,テスト０６　ヨンキ,てすと０６　四期,TEST06 YONKI,,,,男,20000106,国名０６,母語０６,在留資格０６,abc.def@hoge.com.06,100-0006,東京都なにがし１－２－３　テスト荘０６,0312340006,09055550006,,,,01250F,北海道,おといねっぷ０６,普通科,,高校課程,201809,日本語学校名０６,201808,,,,,,,,,,,,,,,,,,,,,,,,,,,,,,,,,,,,,,,,,,,,710106110006,720106110006,日本語能力試験（JLPT）=N1;実用日本語検定（J.TEST）=1234;日本留学試験（EJU）=1234;日本の大学の卒業者=1,,,,,,,,,,,,,,,,,,,JEP-TEST-06,2018年 5月28日（月）,
秋,86943107,I4000007,100007,,,,,86,9431,心理学研究科,健康心理学専攻（修士課程）,,指導教員名０７,研究テーマ０７,Ⅳ期留学生(語学資格なし),Ⅳ期,奨学金なし,Ⅳ期留学生(語学資格なし)選抜,,テスト０７　ヨンキ,てすと０７　四期,TEST07 YONKI,,,,男,20000107,国名０７,母語０７,在留資格０７,abc.def@hoge.com.07,100-0007,東京都なにがし１－２－３　テスト荘０７,0312340007,09055550007,,,,01250F,北海道,おといねっぷ０７,普通科,,高校課程,201809,日本語学校名０７,201808,,,,,,,,,,,,,,,,,,,,,,,,,,,,,,,,,,,,,,,,,,,,710106110007,720106110007,日本語能力試験（JLPT）=N1;実用日本語検定（J.TEST）=1234;日本留学試験（EJU）=1234;日本の大学の卒業者=1,,,,,,,,,,,,,,,,,,,JEP-TEST-07,2018年 5月28日（月）,
秋,89943208,I4000008,100008,,,,,89,9432,老年学研究科,老年学専攻（博士前期課程）,,指導教員名０８,研究テーマ０８,Ⅳ期留学生(語学資格なし・学而事人奨学生）,Ⅳ期,学而事人奨学生,Ⅳ期留学生(語学資格なし)選抜（学而事人奨学生）,,テスト０８　ヨンキ,てすと０８　四期,TEST08 YONKI,,,,男,20000108,国名０８,母語０８,在留資格０８,abc.def@hoge.com.08,100-0008,東京都なにがし１－２－３　テスト荘０８,0312340008,09055550008,,,,01250F,北海道,おといねっぷ０８,普通科,,高校課程,201809,日本語学校名０８,201808,,,,,,,,,,,,,,,,,,,,,,,,,,,,,,,,,,,,,,,,,,,,710106110008,720106110008,日本語能力試験（JLPT）=N1;実用日本語検定（J.TEST）=1234;日本留学試験（EJU）=1234;日本の大学の卒業者=1,,,,,,,,,,,,,,,,,,,JEP-TEST-08,2018年 5月28日（月）,
秋,80943309,I4000009,100009,,,,,80,9433,国際学研究科,国際学専攻（博士前期課程）,,指導教員名０９,研究テーマ０９,Ⅳ期留学生(語学資格なし・私費留学生奨学生）,Ⅳ期,私費留学生奨学生,Ⅳ期留学生(語学資格なし)選抜（私費留学生奨学生）,,テスト０９　ヨンキ,てすと０９　四期,TEST09 YONKI,,,,男,20000109,国名０９,母語０９,在留資格０９,abc.def@hoge.com.09,100-0009,東京都なにがし１－２－３　テスト荘０９,0312340009,09055550009,,,,01250F,北海道,おといねっぷ０９,普通科,,高校課程,201809,日本語学校名０９,201808,,,,,,,,,,,,,,,,,,,,,,,,,,,,,,,,,,,,,,,,,,,,710106110009,720106110009,日本語能力試験（JLPT）=N1;実用日本語検定（J.TEST）=1234;日本留学試験（EJU）=1234;日本の大学の卒業者=1,,,,,,,,,,,,,,,,,,,JEP-TEST-09,2018年 5月28日（月）,
秋,81944110,I4000010,100010,,,,,81,9441,国際学研究科,国際協力専攻（修士課程）,,指導教員名１０,研究テーマ１０,Ⅳ期留学生(語学資格あり),Ⅳ期,奨学金なし,Ⅳ期留学生(語学資格あり)選抜,,テスト１０　ヨンキ,てすと１０　四期,TEST10 YONKI,,,,男,20000110,国名１０,母語１０,在留資格１０,abc.def@hoge.com.10,100-0010,東京都なにがし１－２－３　テスト荘１０,0312340010,09055550010,,,,01250F,北海道,おといねっぷ１０,普通科,,高校課程,201809,日本語学校名１０,201808,,,,,,,,,,,,,,,,,,,,,,,,,,,,,,,,,,,,,,,,,,,,710106110010,720106110010,日本語能力試験（JLPT）=N1;実用日本語検定（J.TEST）=1234;日本留学試験（EJU）=1234;日本の大学の卒業者=1,,,,,,,,,,,,,,,,,,,JEP-TEST-10,2018年 5月28日（月）,
秋,82944211,I4000011,100011,,,,,82,9442,経営学研究科,経営学専攻（修士課程）,,指導教員名１１,研究テーマ１１,Ⅳ期留学生(語学資格あり・学而事人奨学生）,Ⅳ期,学而事人奨学生,Ⅳ期留学生(語学資格あり)選抜（学而事人奨学生）,,テスト１１　ヨンキ,てすと１１　四期,TEST11 YONKI,,,,男,20000111,国名１１,母語１１,在留資格１１,abc.def@hoge.com.11,100-0011,東京都なにがし１－２－３　テスト荘１１,0312340011,09055550011,,,,01250F,北海道,おといねっぷ１１,普通科,,高校課程,201809,日本語学校名１１,201808,,,,,,,,,,,,,,,,,,,,,,,,,,,,,,,,,,,,,,,,,,,,710106110011,720106110011,日本語能力試験（JLPT）=N1;実用日本語検定（J.TEST）=1234;日本留学試験（EJU）=1234;日本の大学の卒業者=1,,,,,,,,,,,,,,,,,,,JEP-TEST-11,2018年 5月28日（月）,
秋,83944312,I4000012,100012,,,,,83,9443,言語教育研究科,日本語教育専攻（修士課程）,,指導教員名１２,研究テーマ１２,Ⅳ期留学生(語学資格あり・私費留学生奨学生）,Ⅳ期,私費留学生奨学生,Ⅳ期留学生(語学資格あり)選抜（私費留学生奨学生）,,テスト１２　ヨンキ,てすと１２　四期,TEST12 YONKI,,,,男,20000112,国名１２,母語１２,在留資格１２,abc.def@hoge.com.12,100-0012,東京都なにがし１－２－３　テスト荘１２,0312340012,09055550012,,,,01250F,北海道,おといねっぷ１２,普通科,,高校課程,201809,日本語学校名１２,201808,,,,,,,,,,,,,,,,,,,,,,,,,,,,,,,,,,,,,,,,,,,,710106110012,720106110012,日本語能力試験（JLPT）=N1;実用日本語検定（J.TEST）=1234;日本留学試験（EJU）=1234;日本の大学の卒業者=1,,,,,,,,,,,,,,,,,,,JEP-TEST-12,2018年 5月28日（月）,
秋,84946113,I4000013,100013,,,,,84,9461,言語教育研究科,英語教育専攻（修士課程）,,指導教員名１３,研究テーマ１３,Ⅳ期学内特別,Ⅳ期,奨学金なし,Ⅳ期学内特別選抜,,テスト１３　ヨンキ,てすと１３　四期,TEST13 YONKI,,,,男,20000113,国名１３,母語１３,在留資格１３,abc.def@hoge.com.13,100-0013,東京都なにがし１－２－３　テスト荘１３,0312340013,09055550013,,,,01250F,北海道,おといねっぷ１３,普通科,,高校課程,201809,日本語学校名１３,201808,,,,,,,,,,,,,,,,,,,,,,,,,,,,,,,,,,,,,,,,,,,,710106110013,720106110013,日本語能力試験（JLPT）=N1;実用日本語検定（J.TEST）=1234;日本留学試験（EJU）=1234;日本の大学の卒業者=1,,,,,,,,,,,,,,,,,,,JEP-TEST-13,2018年 5月28日（月）,
秋,85946214,I4000014,100014,,,,,85,9462,心理学研究科,臨床心理学専攻（修士課程）,,指導教員名１４,研究テーマ１４,Ⅳ期学内特別（学而事人奨学生）,Ⅳ期,学而事人奨学生,Ⅳ期学内特別選抜（学而事人奨学生）,,テスト１４　ヨンキ,てすと１４　四期,TEST14 YONKI,,,,男,20000114,国名１４,母語１４,在留資格１４,abc.def@hoge.com.14,100-0014,東京都なにがし１－２－３　テスト荘１４,0312340014,09055550014,,,,01250F,北海道,おといねっぷ１４,普通科,,高校課程,201809,日本語学校名１４,201808,,,,,,,,,,,,,,,,,,,,,,,,,,,,,,,,,,,,,,,,,,,,710106110014,720106110014,日本語能力試験（JLPT）=N1;実用日本語検定（J.TEST）=1234;日本留学試験（EJU）=1234;日本の大学の卒業者=1,,,,,,,,,,,,,,,,,,,JEP-TEST-14,2018年 5月28日（月）,
秋,86946315,I4000015,100015,,,,,86,9463,心理学研究科,健康心理学専攻（修士課程）,,指導教員名１５,研究テーマ１５,Ⅳ期学内特別（私費留学生奨学生）,Ⅳ期,私費留学生奨学生,Ⅳ期学内特別選抜（私費留学生奨学生）,,テスト１５　ヨンキ,てすと１５　四期,TEST15 YONKI,,,,男,20000115,国名１５,母語１５,在留資格１５,abc.def@hoge.com.15,100-0015,東京都なにがし１－２－３　テスト荘１５,0312340015,09055550015,,,,01250F,北海道,おといねっぷ１５,普通科,,高校課程,201809,日本語学校名１５,201808,,,,,,,,,,,,,,,,,,,,,,,,,,,,,,,,,,,,,,,,,,,,710106110015,720106110015,日本語能力試験（JLPT）=N1;実用日本語検定（J.TEST）=1234;日本留学試験（EJU）=1234;日本の大学の卒業者=1,,,,,,,,,,,,,,,,,,,JEP-TEST-15,2018年 5月28日（月）,
秋,89941116,I4000016,100016,,,,,89,9411,老年学研究科,老年学専攻（博士前期課程）,,指導教員名１６,研究テーマ１６,Ⅳ期一般,Ⅳ期,奨学金なし,Ⅳ期一般選抜,,テスト１６　ヨンキ,てすと１６　四期,TEST16 YONKI,,,,男,20000116,国名１６,母語１６,在留資格１６,abc.def@hoge.com.16,100-0016,東京都なにがし１－２－３　テスト荘１６,0312340016,09055550016,,,,01250F,北海道,おといねっぷ１６,普通科,,高校課程,201809,日本語学校名１６,201808,,,,,,,,,,,,,,,,,,,,,,,,,,,,,,,,,,,,,,,,,,,,710106110016,720106110016,日本語能力試験（JLPT）=N1;実用日本語検定（J.TEST）=1234;日本留学試験（EJU）=1234;日本の大学の卒業者=1,,,,,,,,,,,,,,,,,,,JEP-TEST-16,2018年 5月28日（月）,
秋,80941217,I4000017,100017,,,,,80,9412,国際学研究科,国際学専攻（博士前期課程）,,指導教員名１７,研究テーマ１７,Ⅳ期一般（学而事人奨学生）,Ⅳ期,学而事人奨学生,Ⅳ期一般選抜（学而事人奨学生）,,テスト１７　ヨンキ,てすと１７　四期,TEST17 YONKI,,,,男,20000117,国名１７,母語１７,在留資格１７,abc.def@hoge.com.17,100-0017,東京都なにがし１－２－３　テスト荘１７,0312340017,09055550017,,,,01250F,北海道,おといねっぷ１７,普通科,,高校課程,201809,日本語学校名１７,201808,,,,,,,,,,,,,,,,,,,,,,,,,,,,,,,,,,,,,,,,,,,,710106110017,720106110017,日本語能力試験（JLPT）=N1;実用日本語検定（J.TEST）=1234;日本留学試験（EJU）=1234;日本の大学の卒業者=1,,,,,,,,,,,,,,,,,,,JEP-TEST-17,2018年 5月28日（月）,
秋,81941318,I4000018,100018,,,,,81,9413,国際学研究科,国際協力専攻（修士課程）,,指導教員名１８,研究テーマ１８,Ⅳ期一般（私費留学生奨学生）,Ⅳ期,私費留学生奨学生,Ⅳ期一般選抜（私費留学生奨学生）,,テスト１８　ヨンキ,てすと１８　四期,TEST18 YONKI,,,,男,20000118,国名１８,母語１８,在留資格１８,abc.def@hoge.com.18,100-0018,東京都なにがし１－２－３　テスト荘１８,0312340018,09055550018,,,,01250F,北海道,おといねっぷ１８,普通科,,高校課程,201809,日本語学校名１８,201808,,,,,,,,,,,,,,,,,,,,,,,,,,,,,,,,,,,,,,,,,,,,710106110018,720106110018,日本語能力試験（JLPT）=N1;実用日本語検定（J.TEST）=1234;日本留学試験（EJU）=1234;日本の大学の卒業者=1,,,,,,,,,,,,,,,,,,,JEP-TEST-18,2018年 5月28日（月）,
秋,82942119,I4000019,100019,,,,,82,9421,経営学研究科,経営学専攻（修士課程）,,指導教員名１９,研究テーマ１９,Ⅳ期社会人,Ⅳ期,奨学金なし,Ⅳ期社会人選抜,,テスト１９　ヨンキ,てすと１９　四期,TEST19 YONKI,,,,男,20000119,国名１９,母語１９,在留資格１９,abc.def@hoge.com.19,100-0019,東京都なにがし１－２－３　テスト荘１９,0312340019,09055550019,,,,01250F,北海道,おといねっぷ１９,普通科,,高校課程,201809,日本語学校名１９,201808,,,,,,,,,,,,,,,,,,,,,,,,,,,,,,,,,,,,,,,,,,,,710106110019,720106110019,日本語能力試験（JLPT）=N1;実用日本語検定（J.TEST）=1234;日本留学試験（EJU）=1234;日本の大学の卒業者=1,,,,,,,,,,,,,,,,,,,JEP-TEST-19,2018年 5月28日（月）,
秋,83942220,I4000020,100020,,,,,83,9422,言語教育研究科,日本語教育専攻（修士課程）,,指導教員名２０,研究テーマ２０,Ⅳ期社会人（学而事人奨学生）,Ⅳ期,学而事人奨学生,Ⅳ期社会人選抜（学而事人奨学生）,,テスト２０　ヨンキ,てすと２０　四期,TEST20 YONKI,,,,男,20000120,国名２０,母語２０,在留資格２０,abc.def@hoge.com.20,100-0020,東京都なにがし１－２－３　テスト荘２０,0312340020,09055550020,,,,01250F,北海道,おといねっぷ２０,普通科,,高校課程,201809,日本語学校名２０,201808,,,,,,,,,,,,,,,,,,,,,,,,,,,,,,,,,,,,,,,,,,,,710106110020,720106110020,日本語能力試験（JLPT）=N1;実用日本語検定（J.TEST）=1234;日本留学試験（EJU）=1234;日本の大学の卒業者=1,,,,,,,,,,,,,,,,,,,JEP-TEST-20,2018年 5月28日（月）,
秋,84942321,I4000021,100021,,,,,84,9423,言語教育研究科,英語教育専攻（修士課程）,,指導教員名２１,研究テーマ２１,Ⅳ期社会人（私費留学生奨学生）,Ⅳ期,私費留学生奨学生,Ⅳ期社会人選抜（私費留学生奨学生）,,テスト２１　ヨンキ,てすと２１　四期,TEST21 YONKI,,,,男,20000121,国名２１,母語２１,在留資格２１,abc.def@hoge.com.21,100-0021,東京都なにがし１－２－３　テスト荘２１,0312340021,09055550021,,,,01250F,北海道,おといねっぷ２１,普通科,,高校課程,201809,日本語学校名２１,201808,,,,,,,,,,,,,,,,,,,,,,,,,,,,,,,,,,,,,,,,,,,,710106110021,720106110021,日本語能力試験（JLPT）=N1;実用日本語検定（J.TEST）=1234;日本留学試験（EJU）=1234;日本の大学の卒業者=1,,,,,,,,,,,,,,,,,,,JEP-TEST-21,2018年 5月28日（月）,
秋,85943122,I4000022,100022,,,,,85,9431,心理学研究科,臨床心理学専攻（修士課程）,,指導教員名２２,研究テーマ２２,Ⅳ期留学生(語学資格なし),Ⅳ期,奨学金なし,Ⅳ期留学生(語学資格なし)選抜,,テスト２２　ヨンキ,てすと２２　四期,TEST22 YONKI,,,,男,20000122,国名２２,母語２２,在留資格２２,abc.def@hoge.com.22,100-0022,東京都なにがし１－２－３　テスト荘２２,0312340022,09055550022,,,,01250F,北海道,おといねっぷ２２,普通科,,高校課程,201809,日本語学校名２２,201808,,,,,,,,,,,,,,,,,,,,,,,,,,,,,,,,,,,,,,,,,,,,710106110022,720106110022,日本語能力試験（JLPT）=N1;実用日本語検定（J.TEST）=1234;日本留学試験（EJU）=1234;日本の大学の卒業者=1,,,,,,,,,,,,,,,,,,,JEP-TEST-22,2018年 5月28日（月）,
秋,86943223,I4000023,100023,,,,,86,9432,心理学研究科,健康心理学専攻（修士課程）,,指導教員名２３,研究テーマ２３,Ⅳ期留学生(語学資格なし・学而事人奨学生）,Ⅳ期,学而事人奨学生,Ⅳ期留学生(語学資格なし)選抜（学而事人奨学生）,,テスト２３　ヨンキ,てすと２３　四期,TEST23 YONKI,,,,男,20000123,国名２３,母語２３,在留資格２３,abc.def@hoge.com.23,100-0023,東京都なにがし１－２－３　テスト荘２３,0312340023,09055550023,,,,01250F,北海道,おといねっぷ２３,普通科,,高校課程,201809,日本語学校名２３,201808,,,,,,,,,,,,,,,,,,,,,,,,,,,,,,,,,,,,,,,,,,,,710106110023,720106110023,日本語能力試験（JLPT）=N1;実用日本語検定（J.TEST）=1234;日本留学試験（EJU）=1234;日本の大学の卒業者=1,,,,,,,,,,,,,,,,,,,JEP-TEST-23,2018年 5月28日（月）,
秋,89943324,I4000024,100024,,,,,89,9433,老年学研究科,老年学専攻（博士前期課程）,,指導教員名２４,研究テーマ２４,Ⅳ期留学生(語学資格なし・私費留学生奨学生）,Ⅳ期,私費留学生奨学生,Ⅳ期留学生(語学資格なし)選抜（私費留学生奨学生）,,テスト２４　ヨンキ,てすと２４　四期,TEST24 YONKI,,,,男,20000124,国名２４,母語２４,在留資格２４,abc.def@hoge.com.24,100-0024,東京都なにがし１－２－３　テスト荘２４,0312340024,09055550024,,,,01250F,北海道,おといねっぷ２４,普通科,,高校課程,201809,日本語学校名２４,201808,,,,,,,,,,,,,,,,,,,,,,,,,,,,,,,,,,,,,,,,,,,,710106110024,720106110024,日本語能力試験（JLPT）=N1;実用日本語検定（J.TEST）=1234;日本留学試験（EJU）=1234;日本の大学の卒業者=1,,,,,,,,,,,,,,,,,,,JEP-TEST-24,2018年 5月28日（月）,
秋,80944125,I4000025,100025,,,,,80,9441,国際学研究科,国際学専攻（博士前期課程）,,指導教員名２５,研究テーマ２５,Ⅳ期留学生(語学資格あり),Ⅳ期,奨学金なし,Ⅳ期留学生(語学資格あり)選抜,,テスト２５　ヨンキ,てすと２５　四期,TEST25 YONKI,,,,男,20000125,国名２５,母語２５,在留資格２５,abc.def@hoge.com.25,100-0025,東京都なにがし１－２－３　テスト荘２５,0312340025,09055550025,,,,01250F,北海道,おといねっぷ２５,普通科,,高校課程,201809,日本語学校名２５,201808,,,,,,,,,,,,,,,,,,,,,,,,,,,,,,,,,,,,,,,,,,,,710106110025,720106110025,日本語能力試験（JLPT）=N1;実用日本語検定（J.TEST）=1234;日本留学試験（EJU）=1234;日本の大学の卒業者=1,,,,,,,,,,,,,,,,,,,JEP-TEST-25,2018年 5月28日（月）,
秋,81944226,I4000026,100026,,,,,81,9442,国際学研究科,国際協力専攻（修士課程）,,指導教員名２６,研究テーマ２６,Ⅳ期留学生(語学資格あり・学而事人奨学生）,Ⅳ期,学而事人奨学生,Ⅳ期留学生(語学資格あり)選抜（学而事人奨学生）,,テスト２６　ヨンキ,てすと２６　四期,TEST26 YONKI,,,,男,20000126,国名２６,母語２６,在留資格２６,abc.def@hoge.com.26,100-0026,東京都なにがし１－２－３　テスト荘２６,0312340026,09055550026,,,,01250F,北海道,おといねっぷ２６,普通科,,高校課程,201809,日本語学校名２６,201808,,,,,,,,,,,,,,,,,,,,,,,,,,,,,,,,,,,,,,,,,,,,710106110026,720106110026,日本語能力試験（JLPT）=N1;実用日本語検定（J.TEST）=1234;日本留学試験（EJU）=1234;日本の大学の卒業者=1,,,,,,,,,,,,,,,,,,,JEP-TEST-26,2018年 5月28日（月）,
秋,82944327,I4000027,100027,,,,,82,9443,経営学研究科,経営学専攻（修士課程）,,指導教員名２７,研究テーマ２７,Ⅳ期留学生(語学資格あり・私費留学生奨学生）,Ⅳ期,私費留学生奨学生,Ⅳ期留学生(語学資格あり)選抜（私費留学生奨学生）,,テスト２７　ヨンキ,てすと２７　四期,TEST27 YONKI,,,,男,20000127,国名２７,母語２７,在留資格２７,abc.def@hoge.com.27,100-0027,東京都なにがし１－２－３　テスト荘２７,0312340027,09055550027,,,,01250F,北海道,おといねっぷ２７,普通科,,高校課程,201809,日本語学校名２７,201808,,,,,,,,,,,,,,,,,,,,,,,,,,,,,,,,,,,,,,,,,,,,710106110027,720106110027,日本語能力試験（JLPT）=N1;実用日本語検定（J.TEST）=1234;日本留学試験（EJU）=1234;日本の大学の卒業者=1,,,,,,,,,,,,,,,,,,,JEP-TEST-27,2018年 5月28日（月）,
秋,83946128,I4000028,100028,,,,,83,9461,言語教育研究科,日本語教育専攻（修士課程）,,指導教員名２８,研究テーマ２８,Ⅳ期学内特別,Ⅳ期,奨学金なし,Ⅳ期学内特別選抜,,テスト２８　ヨンキ,てすと２８　四期,TEST28 YONKI,,,,男,20000128,国名２８,母語２８,在留資格２８,abc.def@hoge.com.28,100-0028,東京都なにがし１－２－３　テスト荘２８,0312340028,09055550028,,,,01250F,北海道,おといねっぷ２８,普通科,,高校課程,201809,日本語学校名２８,201808,,,,,,,,,,,,,,,,,,,,,,,,,,,,,,,,,,,,,,,,,,,,710106110028,720106110028,日本語能力試験（JLPT）=N1;実用日本語検定（J.TEST）=1234;日本留学試験（EJU）=1234;日本の大学の卒業者=1,,,,,,,,,,,,,,,,,,,JEP-TEST-28,2018年 5月28日（月）,
秋,84946229,I4000029,100029,,,,,84,9462,言語教育研究科,英語教育専攻（修士課程）,,指導教員名２９,研究テーマ２９,Ⅳ期学内特別（学而事人奨学生）,Ⅳ期,学而事人奨学生,Ⅳ期学内特別選抜（学而事人奨学生）,,テスト２９　ヨンキ,てすと２９　四期,TEST29 YONKI,,,,男,20000129,国名２９,母語２９,在留資格２９,abc.def@hoge.com.29,100-0029,東京都なにがし１－２－３　テスト荘２９,0312340029,09055550029,,,,01250F,北海道,おといねっぷ２９,普通科,,高校課程,201809,日本語学校名２９,201808,,,,,,,,,,,,,,,,,,,,,,,,,,,,,,,,,,,,,,,,,,,,710106110029,720106110029,日本語能力試験（JLPT）=N1;実用日本語検定（J.TEST）=1234;日本留学試験（EJU）=1234;日本の大学の卒業者=1,,,,,,,,,,,,,,,,,,,JEP-TEST-29,2018年 5月28日（月）,
秋,85946330,I4000030,100030,,,,,85,9463,心理学研究科,臨床心理学専攻（修士課程）,,指導教員名３０,研究テーマ３０,Ⅳ期学内特別（私費留学生奨学生）,Ⅳ期,私費留学生奨学生,Ⅳ期学内特別選抜（私費留学生奨学生）,,テスト３０　ヨンキ,てすと３０　四期,TEST30 YONKI,,,,男,20000130,国名３０,母語３０,在留資格３０,abc.def@hoge.com.30,100-0030,東京都なにがし１－２－３　テスト荘３０,0312340030,09055550030,,,,01250F,北海道,おといねっぷ３０,普通科,,高校課程,201809,日本語学校名３０,201808,,,,,,,,,,,,,,,,,,,,,,,,,,,,,,,,,,,,,,,,,,,,710106110030,720106110030,日本語能力試験（JLPT）=N1;実用日本語検定（J.TEST）=1234;日本留学試験（EJU）=1234;日本の大学の卒業者=1,,,,,,,,,,,,,,,,,,,JEP-TEST-30,2018年 5月28日（月）,
秋,86941131,I4000031,100031,,,,,86,9411,心理学研究科,健康心理学専攻（修士課程）,,指導教員名３１,研究テーマ３１,Ⅳ期一般,Ⅳ期,奨学金なし,Ⅳ期一般選抜,,テスト３１　ヨンキ,てすと３１　四期,TEST31 YONKI,,,,男,20000131,国名３１,母語３１,在留資格３１,abc.def@hoge.com.31,100-0031,東京都なにがし１－２－３　テスト荘３１,0312340031,09055550031,,,,01250F,北海道,おといねっぷ３１,普通科,,高校課程,201809,日本語学校名３１,201808,,,,,,,,,,,,,,,,,,,,,,,,,,,,,,,,,,,,,,,,,,,,710106110031,720106110031,日本語能力試験（JLPT）=N1;実用日本語検定（J.TEST）=1234;日本留学試験（EJU）=1234;日本の大学の卒業者=1,,,,,,,,,,,,,,,,,,,JEP-TEST-31,2018年 5月28日（月）,
秋,89941232,I4000032,100032,,,,,89,9412,老年学研究科,老年学専攻（博士前期課程）,,指導教員名３２,研究テーマ３２,Ⅳ期一般（学而事人奨学生）,Ⅳ期,学而事人奨学生,Ⅳ期一般選抜（学而事人奨学生）,,テスト３２　ヨンキ,てすと３２　四期,TEST32 YONKI,,,,男,20000132,国名３２,母語３２,在留資格３２,abc.def@hoge.com.32,100-0032,東京都なにがし１－２－３　テスト荘３２,0312340032,09055550032,,,,01250F,北海道,おといねっぷ３２,普通科,,高校課程,201809,日本語学校名３２,201808,,,,,,,,,,,,,,,,,,,,,,,,,,,,,,,,,,,,,,,,,,,,710106110032,720106110032,日本語能力試験（JLPT）=N1;実用日本語検定（J.TEST）=1234;日本留学試験（EJU）=1234;日本の大学の卒業者=1,,,,,,,,,,,,,,,,,,,JEP-TEST-32,2018年 5月28日（月）,
秋,80941333,I4000033,100033,,,,,80,9413,国際学研究科,国際学専攻（博士前期課程）,,指導教員名３３,研究テーマ３３,Ⅳ期一般（私費留学生奨学生）,Ⅳ期,私費留学生奨学生,Ⅳ期一般選抜（私費留学生奨学生）,,テスト３３　ヨンキ,てすと３３　四期,TEST33 YONKI,,,,男,20000133,国名３３,母語３３,在留資格３３,abc.def@hoge.com.33,100-0033,東京都なにがし１－２－３　テスト荘３３,0312340033,09055550033,,,,01250F,北海道,おといねっぷ３３,普通科,,高校課程,201809,日本語学校名３３,201808,,,,,,,,,,,,,,,,,,,,,,,,,,,,,,,,,,,,,,,,,,,,710106110033,720106110033,日本語能力試験（JLPT）=N1;実用日本語検定（J.TEST）=1234;日本留学試験（EJU）=1234;日本の大学の卒業者=1,,,,,,,,,,,,,,,,,,,JEP-TEST-33,2018年 5月28日（月）,
秋,81942134,I4000034,100034,,,,,81,9421,国際学研究科,国際協力専攻（修士課程）,,指導教員名３４,研究テーマ３４,Ⅳ期社会人,Ⅳ期,奨学金なし,Ⅳ期社会人選抜,,テスト３４　ヨンキ,てすと３４　四期,TEST34 YONKI,,,,男,20000134,国名３４,母語３４,在留資格３４,abc.def@hoge.com.34,100-0034,東京都なにがし１－２－３　テスト荘３４,0312340034,09055550034,,,,01250F,北海道,おといねっぷ３４,普通科,,高校課程,201809,日本語学校名３４,201808,,,,,,,,,,,,,,,,,,,,,,,,,,,,,,,,,,,,,,,,,,,,710106110034,720106110034,日本語能力試験（JLPT）=N1;実用日本語検定（J.TEST）=1234;日本留学試験（EJU）=1234;日本の大学の卒業者=1,,,,,,,,,,,,,,,,,,,JEP-TEST-34,2018年 5月28日（月）,
秋,82942235,I4000035,100035,,,,,82,9422,経営学研究科,経営学専攻（修士課程）,,指導教員名３５,研究テーマ３５,Ⅳ期社会人（学而事人奨学生）,Ⅳ期,学而事人奨学生,Ⅳ期社会人選抜（学而事人奨学生）,,テスト３５　ヨンキ,てすと３５　四期,TEST35 YONKI,,,,男,20000135,国名３５,母語３５,在留資格３５,abc.def@hoge.com.35,100-0035,東京都なにがし１－２－３　テスト荘３５,0312340035,09055550035,,,,01250F,北海道,おといねっぷ３５,普通科,,高校課程,201809,日本語学校名３５,201808,,,,,,,,,,,,,,,,,,,,,,,,,,,,,,,,,,,,,,,,,,,,710106110035,720106110035,日本語能力試験（JLPT）=N1;実用日本語検定（J.TEST）=1234;日本留学試験（EJU）=1234;日本の大学の卒業者=1,,,,,,,,,,,,,,,,,,,JEP-TEST-35,2018年 5月28日（月）,
秋,83942336,I4000036,100036,,,,,83,9423,言語教育研究科,日本語教育専攻（修士課程）,,指導教員名３６,研究テーマ３６,Ⅳ期社会人（私費留学生奨学生）,Ⅳ期,私費留学生奨学生,Ⅳ期社会人選抜（私費留学生奨学生）,,テスト３６　ヨンキ,てすと３６　四期,TEST36 YONKI,,,,男,20000136,国名３６,母語３６,在留資格３６,abc.def@hoge.com.36,100-0036,東京都なにがし１－２－３　テスト荘３６,0312340036,09055550036,,,,01250F,北海道,おといねっぷ３６,普通科,,高校課程,201809,日本語学校名３６,201808,,,,,,,,,,,,,,,,,,,,,,,,,,,,,,,,,,,,,,,,,,,,710106110036,720106110036,日本語能力試験（JLPT）=N1;実用日本語検定（J.TEST）=1234;日本留学試験（EJU）=1234;日本の大学の卒業者=1,,,,,,,,,,,,,,,,,,,JEP-TEST-36,2018年 5月28日（月）,
秋,84943137,I4000037,100037,,,,,84,9431,言語教育研究科,英語教育専攻（修士課程）,,指導教員名３７,研究テーマ３７,Ⅳ期留学生(語学資格なし),Ⅳ期,奨学金なし,Ⅳ期留学生(語学資格なし)選抜,,テスト３７　ヨンキ,てすと３７　四期,TEST37 YONKI,,,,男,20000137,国名３７,母語３７,在留資格３７,abc.def@hoge.com.37,100-0037,東京都なにがし１－２－３　テスト荘３７,0312340037,09055550037,,,,01250F,北海道,おといねっぷ３７,普通科,,高校課程,201809,日本語学校名３７,201808,,,,,,,,,,,,,,,,,,,,,,,,,,,,,,,,,,,,,,,,,,,,710106110037,720106110037,日本語能力試験（JLPT）=N1;実用日本語検定（J.TEST）=1234;日本留学試験（EJU）=1234;日本の大学の卒業者=1,,,,,,,,,,,,,,,,,,,JEP-TEST-37,2018年 5月28日（月）,
秋,85943238,I4000038,100038,,,,,85,9432,心理学研究科,臨床心理学専攻（修士課程）,,指導教員名３８,研究テーマ３８,Ⅳ期留学生(語学資格なし・学而事人奨学生）,Ⅳ期,学而事人奨学生,Ⅳ期留学生(語学資格なし)選抜（学而事人奨学生）,,テスト３８　ヨンキ,てすと３８　四期,TEST38 YONKI,,,,男,20000138,国名３８,母語３８,在留資格３８,abc.def@hoge.com.38,100-0038,東京都なにがし１－２－３　テスト荘３８,0312340038,09055550038,,,,01250F,北海道,おといねっぷ３８,普通科,,高校課程,201809,日本語学校名３８,201808,,,,,,,,,,,,,,,,,,,,,,,,,,,,,,,,,,,,,,,,,,,,710106110038,720106110038,日本語能力試験（JLPT）=N1;実用日本語検定（J.TEST）=1234;日本留学試験（EJU）=1234;日本の大学の卒業者=1,,,,,,,,,,,,,,,,,,,JEP-TEST-38,2018年 5月28日（月）,
秋,86943339,I4000039,100039,,,,,86,9433,心理学研究科,健康心理学専攻（修士課程）,,指導教員名３９,研究テーマ３９,Ⅳ期留学生(語学資格なし・私費留学生奨学生）,Ⅳ期,私費留学生奨学生,Ⅳ期留学生(語学資格なし)選抜（私費留学生奨学生）,,テスト３９　ヨンキ,てすと３９　四期,TEST39 YONKI,,,,男,20000139,国名３９,母語３９,在留資格３９,abc.def@hoge.com.39,100-0039,東京都なにがし１－２－３　テスト荘３９,0312340039,09055550039,,,,01250F,北海道,おといねっぷ３９,普通科,,高校課程,201809,日本語学校名３９,201808,,,,,,,,,,,,,,,,,,,,,,,,,,,,,,,,,,,,,,,,,,,,710106110039,720106110039,日本語能力試験（JLPT）=N1;実用日本語検定（J.TEST）=1234;日本留学試験（EJU）=1234;日本の大学の卒業者=1,,,,,,,,,,,,,,,,,,,JEP-TEST-39,2018年 5月28日（月）,
秋,89944140,I4000040,100040,,,,,89,9441,老年学研究科,老年学専攻（博士前期課程）,,指導教員名４０,研究テーマ４０,Ⅳ期留学生(語学資格あり),Ⅳ期,奨学金なし,Ⅳ期留学生(語学資格あり)選抜,,テスト４０　ヨンキ,てすと４０　四期,TEST40 YONKI,,,,男,20000140,国名４０,母語４０,在留資格４０,abc.def@hoge.com.40,100-0040,東京都なにがし１－２－３　テスト荘４０,0312340040,09055550040,,,,01250F,北海道,おといねっぷ４０,普通科,,高校課程,201809,日本語学校名４０,201808,,,,,,,,,,,,,,,,,,,,,,,,,,,,,,,,,,,,,,,,,,,,710106110040,720106110040,日本語能力試験（JLPT）=N1;実用日本語検定（J.TEST）=1234;日本留学試験（EJU）=1234;日本の大学の卒業者=1,,,,,,,,,,,,,,,,,,,JEP-TEST-40,2018年 5月28日（月）,
秋,80944241,I4000041,100041,,,,,80,9442,国際学研究科,国際学専攻（博士前期課程）,,指導教員名４１,研究テーマ４１,Ⅳ期留学生(語学資格あり・学而事人奨学生）,Ⅳ期,学而事人奨学生,Ⅳ期留学生(語学資格あり)選抜（学而事人奨学生）,,テスト４１　ヨンキ,てすと４１　四期,TEST41 YONKI,,,,男,20000141,国名４１,母語４１,在留資格４１,abc.def@hoge.com.41,100-0041,東京都なにがし１－２－３　テスト荘４１,0312340041,09055550041,,,,01250F,北海道,おといねっぷ４１,普通科,,高校課程,201809,日本語学校名４１,201808,,,,,,,,,,,,,,,,,,,,,,,,,,,,,,,,,,,,,,,,,,,,710106110041,720106110041,日本語能力試験（JLPT）=N1;実用日本語検定（J.TEST）=1234;日本留学試験（EJU）=1234;日本の大学の卒業者=1,,,,,,,,,,,,,,,,,,,JEP-TEST-41,2018年 5月28日（月）,
秋,81944342,I4000042,100042,,,,,81,9443,国際学研究科,国際協力専攻（修士課程）,,指導教員名４２,研究テーマ４２,Ⅳ期留学生(語学資格あり・私費留学生奨学生）,Ⅳ期,私費留学生奨学生,Ⅳ期留学生(語学資格あり)選抜（私費留学生奨学生）,,テスト４２　ヨンキ,てすと４２　四期,TEST42 YONKI,,,,男,20000142,国名４２,母語４２,在留資格４２,abc.def@hoge.com.42,100-0042,東京都なにがし１－２－３　テスト荘４２,0312340042,09055550042,,,,01250F,北海道,おといねっぷ４２,普通科,,高校課程,201809,日本語学校名４２,201808,,,,,,,,,,,,,,,,,,,,,,,,,,,,,,,,,,,,,,,,,,,,710106110042,720106110042,日本語能力試験（JLPT）=N1;実用日本語検定（J.TEST）=1234;日本留学試験（EJU）=1234;日本の大学の卒業者=1,,,,,,,,,,,,,,,,,,,JEP-TEST-42,2018年 5月28日（月）,
秋,82946143,I4000043,100043,,,,,82,9461,経営学研究科,経営学専攻（修士課程）,,指導教員名４３,研究テーマ４３,Ⅳ期学内特別,Ⅳ期,奨学金なし,Ⅳ期学内特別選抜,,テスト４３　ヨンキ,てすと４３　四期,TEST43 YONKI,,,,男,20000143,国名４３,母語４３,在留資格４３,abc.def@hoge.com.43,100-0043,東京都なにがし１－２－３　テスト荘４３,0312340043,09055550043,,,,01250F,北海道,おといねっぷ４３,普通科,,高校課程,201809,日本語学校名４３,201808,,,,,,,,,,,,,,,,,,,,,,,,,,,,,,,,,,,,,,,,,,,,710106110043,720106110043,日本語能力試験（JLPT）=N1;実用日本語検定（J.TEST）=1234;日本留学試験（EJU）=1234;日本の大学の卒業者=1,,,,,,,,,,,,,,,,,,,JEP-TEST-43,2018年 5月28日（月）,
秋,83946244,I4000044,100044,,,,,83,9462,言語教育研究科,日本語教育専攻（修士課程）,,指導教員名４４,研究テーマ４４,Ⅳ期学内特別（学而事人奨学生）,Ⅳ期,学而事人奨学生,Ⅳ期学内特別選抜（学而事人奨学生）,,テスト４４　ヨンキ,てすと４４　四期,TEST44 YONKI,,,,男,20000144,国名４４,母語４４,在留資格４４,abc.def@hoge.com.44,100-0044,東京都なにがし１－２－３　テスト荘４４,0312340044,09055550044,,,,01250F,北海道,おといねっぷ４４,普通科,,高校課程,201809,日本語学校名４４,201808,,,,,,,,,,,,,,,,,,,,,,,,,,,,,,,,,,,,,,,,,,,,710106110044,720106110044,日本語能力試験（JLPT）=N1;実用日本語検定（J.TEST）=1234;日本留学試験（EJU）=1234;日本の大学の卒業者=1,,,,,,,,,,,,,,,,,,,JEP-TEST-44,2018年 5月28日（月）,
秋,84946345,I4000045,100045,,,,,84,9463,言語教育研究科,英語教育専攻（修士課程）,,指導教員名４５,研究テーマ４５,Ⅳ期学内特別（私費留学生奨学生）,Ⅳ期,私費留学生奨学生,Ⅳ期学内特別選抜（私費留学生奨学生）,,テスト４５　ヨンキ,てすと４５　四期,TEST45 YONKI,,,,男,20000145,国名４５,母語４５,在留資格４５,abc.def@hoge.com.45,100-0045,東京都なにがし１－２－３　テスト荘４５,0312340045,09055550045,,,,01250F,北海道,おといねっぷ４５,普通科,,高校課程,201809,日本語学校名４５,201808,,,,,,,,,,,,,,,,,,,,,,,,,,,,,,,,,,,,,,,,,,,,710106110045,720106110045,日本語能力試験（JLPT）=N1;実用日本語検定（J.TEST）=1234;日本留学試験（EJU）=1234;日本の大学の卒業者=1,,,,,,,,,,,,,,,,,,,JEP-TEST-45,2018年 5月28日（月）,
秋,91947146,I4000046,100046,,,,,91,9471,国際学研究科,国際人文社会科学専攻（博士後期課程）,,指導教員名４６,研究テーマ４６,Ⅳ期博士後期,Ⅳ期,奨学金なし,Ⅳ期博士後期,,テスト４６　ヨンキ,てすと４６　四期,TEST46 YONKI,,,,男,20000146,国名４６,母語４６,在留資格４６,abc.def@hoge.com.46,100-0046,東京都なにがし１－２－３　テスト荘４６,0312340046,09055550046,,,,01250F,北海道,おといねっぷ４６,普通科,,高校課程,201809,日本語学校名４６,201808,,,,,,,,,,,,,,,,,,,,,,,,,,,,,,,,,,,,,,,,,,,,710106110046,720106110046,日本語能力試験（JLPT）=N1;実用日本語検定（J.TEST）=1234;日本留学試験（EJU）=1234;日本の大学の卒業者=1,,,,,,,,,,,,,,,,,,,JEP-TEST-46,2018年 5月28日（月）,
秋,92947247,I4000047,100047,,,,,92,9472,老年学研究科,老年学専攻（博士後期課程）,,指導教員名４７,研究テーマ４７,Ⅳ期博士後期（学而事人奨学生）,Ⅳ期,学而事人奨学生,Ⅳ期博士後期（学而事人奨学生）,,テスト４７　ヨンキ,てすと４７　四期,TEST47 YONKI,,,,男,20000147,国名４７,母語４７,在留資格４７,abc.def@hoge.com.47,100-0047,東京都なにがし１－２－３　テスト荘４７,0312340047,09055550047,,,,01250F,北海道,おといねっぷ４７,普通科,,高校課程,201809,日本語学校名４７,201808,,,,,,,,,,,,,,,,,,,,,,,,,,,,,,,,,,,,,,,,,,,,710106110047,720106110047,日本語能力試験（JLPT）=N1;実用日本語検定（J.TEST）=1234;日本留学試験（EJU）=1234;日本の大学の卒業者=1,,,,,,,,,,,,,,,,,,,JEP-TEST-47,2018年 5月28日（月）,
秋,91947348,I4000048,100048,,,,,91,9473,国際学研究科,国際人文社会科学専攻（博士後期課程）,,指導教員名４８,研究テーマ４８,Ⅳ期博士後期（私費留学生奨学生）,Ⅳ期,私費留学生奨学生,Ⅳ期博士後期（私費留学生奨学生）,,テスト４８　ヨンキ,てすと４８　四期,TEST48 YONKI,,,,男,20000148,国名４８,母語４８,在留資格４８,abc.def@hoge.com.48,100-0048,東京都なにがし１－２－３　テスト荘４８,0312340048,09055550048,,,,01250F,北海道,おといねっぷ４８,普通科,,高校課程,201809,日本語学校名４８,201808,,,,,,,,,,,,,,,,,,,,,,,,,,,,,,,,,,,,,,,,,,,,710106110048,720106110048,日本語能力試験（JLPT）=N1;実用日本語検定（J.TEST）=1234;日本留学試験（EJU）=1234;日本の大学の卒業者=1,,,,,,,,,,,,,,,,,,,JEP-TEST-48,2018年 5月28日（月）,
秋,92947149,I4000049,100049,,,,,92,9471,老年学研究科,老年学専攻（博士後期課程）,,指導教員名４９,研究テーマ４９,Ⅳ期博士後期,Ⅳ期,奨学金なし,Ⅳ期博士後期,,テスト４９　ヨンキ,てすと４９　四期,TEST49 YONKI,,,,男,20000149,国名４９,母語４９,在留資格４９,abc.def@hoge.com.49,100-0049,東京都なにがし１－２－３　テスト荘４９,0312340049,09055550049,,,,01250F,北海道,おといねっぷ４９,普通科,,高校課程,201809,日本語学校名４９,201808,,,,,,,,,,,,,,,,,,,,,,,,,,,,,,,,,,,,,,,,,,,,710106110049,720106110049,日本語能力試験（JLPT）=N1;実用日本語検定（J.TEST）=1234;日本留学試験（EJU）=1234;日本の大学の卒業者=1,,,,,,,,,,,,,,,,,,,JEP-TEST-49,2018年 5月28日（月）,
秋,91947250,I4000050,100050,,,,,91,9472,国際学研究科,国際人文社会科学専攻（博士後期課程）,,指導教員名５０,研究テーマ５０,Ⅳ期博士後期（学而事人奨学生）,Ⅳ期,学而事人奨学生,Ⅳ期博士後期（学而事人奨学生）,,テスト５０　ヨンキ,てすと５０　四期,TEST50 YONKI,,,,男,20000150,国名５０,母語５０,在留資格５０,abc.def@hoge.com.50,100-0050,東京都なにがし１－２－３　テスト荘５０,0312340050,09055550050,,,,01250F,北海道,おといねっぷ５０,普通科,,高校課程,201809,日本語学校名５０,201808,,,,,,,,,,,,,,,,,,,,,,,,,,,,,,,,,,,,,,,,,,,,710106110050,720106110050,日本語能力試験（JLPT）=N1;実用日本語検定（J.TEST）=1234;日本留学試験（EJU）=1234;日本の大学の卒業者=1,,,,,,,,,,,,,,,,,,,JEP-TEST-50,2018年 5月28日（月）,
秋,92947351,I4000051,100051,,,,,92,9473,老年学研究科,老年学専攻（博士後期課程）,,指導教員名５１,研究テーマ５１,Ⅳ期博士後期（私費留学生奨学生）,Ⅳ期,私費留学生奨学生,Ⅳ期博士後期（私費留学生奨学生）,,テスト５１　ヨンキ,てすと５１　四期,TEST51 YONKI,,,,男,20000151,国名５１,母語５１,在留資格５１,abc.def@hoge.com.51,100-0051,東京都なにがし１－２－３　テスト荘５１,0312340051,09055550051,,,,01250F,北海道,おといねっぷ５１,普通科,,高校課程,201809,日本語学校名５１,201808,,,,,,,,,,,,,,,,,,,,,,,,,,,,,,,,,,,,,,,,,,,,710106110051,720106110051,日本語能力試験（JLPT）=N1;実用日本語検定（J.TEST）=1234;日本留学試験（EJU）=1234;日本の大学の卒業者=1,,,,,,,,,,,,,,,,,,,JEP-TEST-51,2018年 5月28日（月）,
秋,91947152,I4000052,100052,,,,,91,9471,国際学研究科,国際人文社会科学専攻（博士後期課程）,,指導教員名５２,研究テーマ５２,Ⅳ期博士後期,Ⅳ期,奨学金なし,Ⅳ期博士後期,,テスト５２　ヨンキ,てすと５２　四期,TEST52 YONKI,,,,男,20000152,国名５２,母語５２,在留資格５２,abc.def@hoge.com.52,100-0052,東京都なにがし１－２－３　テスト荘５２,0312340052,09055550052,,,,01250F,北海道,おといねっぷ５２,普通科,,高校課程,201809,日本語学校名５２,201808,,,,,,,,,,,,,,,,,,,,,,,,,,,,,,,,,,,,,,,,,,,,710106110052,720106110052,日本語能力試験（JLPT）=N1;実用日本語検定（J.TEST）=1234;日本留学試験（EJU）=1234;日本の大学の卒業者=1,,,,,,,,,,,,,,,,,,,JEP-TEST-52,2018年 5月28日（月）,
秋,92947253,I4000053,100053,,,,,92,9472,老年学研究科,老年学専攻（博士後期課程）,,指導教員名５３,研究テーマ５３,Ⅳ期博士後期（学而事人奨学生）,Ⅳ期,学而事人奨学生,Ⅳ期博士後期（学而事人奨学生）,,テスト５３　ヨンキ,てすと５３　四期,TEST53 YONKI,,,,男,20000153,国名５３,母語５３,在留資格５３,abc.def@hoge.com.53,100-0053,東京都なにがし１－２－３　テスト荘５３,0312340053,09055550053,,,,01250F,北海道,おといねっぷ５３,普通科,,高校課程,201809,日本語学校名５３,201808,,,,,,,,,,,,,,,,,,,,,,,,,,,,,,,,,,,,,,,,,,,,710106110053,720106110053,日本語能力試験（JLPT）=N1;実用日本語検定（J.TEST）=1234;日本留学試験（EJU）=1234;日本の大学の卒業者=1,,,,,,,,,,,,,,,,,,,JEP-TEST-53,2018年 5月28日（月）,
秋,91947354,I4000054,100054,,,,,91,9473,国際学研究科,国際人文社会科学専攻（博士後期課程）,,指導教員名５４,研究テーマ５４,Ⅳ期博士後期（私費留学生奨学生）,Ⅳ期,私費留学生奨学生,Ⅳ期博士後期（私費留学生奨学生）,,テスト５４　ヨンキ,てすと５４　四期,TEST54 YONKI,,,,男,20000154,国名５４,母語５４,在留資格５４,abc.def@hoge.com.54,100-0054,東京都なにがし１－２－３　テスト荘５４,0312340054,09055550054,,,,01250F,北海道,おといねっぷ５４,普通科,,高校課程,201809,日本語学校名５４,201808,,,,,,,,,,,,,,,,,,,,,,,,,,,,,,,,,,,,,,,,,,,,710106110054,720106110054,日本語能力試験（JLPT）=N1;実用日本語検定（J.TEST）=1234;日本留学試験（EJU）=1234;日本の大学の卒業者=1,,,,,,,,,,,,,,,,,,,JEP-TEST-54,2018年 5月28日（月）,
秋,92947155,I4000055,100055,,,,,92,9471,老年学研究科,老年学専攻（博士後期課程）,,指導教員名５５,研究テーマ５５,Ⅳ期博士後期,Ⅳ期,奨学金なし,Ⅳ期博士後期,,テスト５５　ヨンキ,てすと５５　四期,TEST55 YONKI,,,,男,20000155,国名５５,母語５５,在留資格５５,abc.def@hoge.com.55,100-0055,東京都なにがし１－２－３　テスト荘５５,0312340055,09055550055,,,,01250F,北海道,おといねっぷ５５,普通科,,高校課程,201809,日本語学校名５５,201808,,,,,,,,,,,,,,,,,,,,,,,,,,,,,,,,,,,,,,,,,,,,710106110055,720106110055,日本語能力試験（JLPT）=N1;実用日本語検定（J.TEST）=1234;日本留学試験（EJU）=1234;日本の大学の卒業者=1,,,,,,,,,,,,,,,,,,,JEP-TEST-55,2018年 5月28日（月）,
秋,91947256,I4000056,100056,,,,,91,9472,国際学研究科,国際人文社会科学専攻（博士後期課程）,,指導教員名５６,研究テーマ５６,Ⅳ期博士後期（学而事人奨学生）,Ⅳ期,学而事人奨学生,Ⅳ期博士後期（学而事人奨学生）,,テスト５６　ヨンキ,てすと５６　四期,TEST56 YONKI,,,,男,20000156,国名５６,母語５６,在留資格５６,abc.def@hoge.com.56,100-0056,東京都なにがし１－２－３　テスト荘５６,0312340056,09055550056,,,,01250F,北海道,おといねっぷ５６,普通科,,高校課程,201809,日本語学校名５６,201808,,,,,,,,,,,,,,,,,,,,,,,,,,,,,,,,,,,,,,,,,,,,710106110056,720106110056,日本語能力試験（JLPT）=N1;実用日本語検定（J.TEST）=1234;日本留学試験（EJU）=1234;日本の大学の卒業者=1,,,,,,,,,,,,,,,,,,,JEP-TEST-56,2018年 5月28日（月）,
秋,92947357,I4000057,100057,,,,,92,9473,老年学研究科,老年学専攻（博士後期課程）,,指導教員名５７,研究テーマ５７,Ⅳ期博士後期（私費留学生奨学生）,Ⅳ期,私費留学生奨学生,Ⅳ期博士後期（私費留学生奨学生）,,テスト５７　ヨンキ,てすと５７　四期,TEST57 YONKI,,,,男,20000157,国名５７,母語５７,在留資格５７,abc.def@hoge.com.57,100-0057,東京都なにがし１－２－３　テスト荘５７,0312340057,09055550057,,,,01250F,北海道,おといねっぷ５７,普通科,,高校課程,201809,日本語学校名５７,201808,,,,,,,,,,,,,,,,,,,,,,,,,,,,,,,,,,,,,,,,,,,,710106110057,720106110057,日本語能力試験（JLPT）=N1;実用日本語検定（J.TEST）=1234;日本留学試験（EJU）=1234;日本の大学の卒業者=1,,,,,,,,,,,,,,,,,,,JEP-TEST-57,2018年 5月28日（月）,
